{
  "10.0.0.9": {
    "count": 0,
    "manually_unblocked": true
  },
  "127.0.0.1": {
    "count": 4,
    "last_seen": 1768969497.186824
  },
  "10.0.0.6": {
    "count": 1,
    "last_seen": 1768966462.7290723
  }
}